title,published_date,duration_seconds,log_views,log_likes,log_comments
"PONNIE x S∆†N T√ôNG M-TP | H∆†N C·∫¢ S·ªê 1","2024-08-11 00:00:00",61,7.062662631429222,4.71174819471113,3.6483600109809315
"S∆†N T√ôNG M-TP | 7-MINUTE STAGE | ƒê·ª™NG L√ÄM TR√ÅI TIM ANH ƒêAU","2024-06-22 00:00:00",738,6.6050853647445,4.94361321343754,3.7000977046130537
"S∆†N T√ôNG M-TP | ƒê·ª™NG L√ÄM TR√ÅI TIM ANH ƒêAU | BEHIND THE SCENES","2024-06-15 00:00:00",508,6.411152841042862,4.814500638415482,3.417471693203293
"LA LA LA LA #DLTTAD DANCE üß©üéß‚ô•Ô∏è","2024-06-14 00:00:00",51,5.862465323567787,4.577652619865689,2.902546779313991
"ƒê·ª™NG L√ÄM TR√ÅI TIM ANH ƒêAU | DANCE CHALLENGE üß©üéßüî•","2024-06-09 00:00:00",38,6.393010340996373,4.995893939468424,3.1458177144918276
"S∆†N T√ôNG M-TP | ƒê·ª™NG L√ÄM TR√ÅI TIM ANH ƒêAU | OFFICIAL MUSIC VIDEO","2024-06-08 00:00:00",326,8.193890127300326,6.146594031730305,5.399893408533827
"Main Poster: ƒê·ª™NG L√ÄM TR√ÅI TIM ANH ƒêAU ‚ù§Ô∏è‚Äçü©π","2024-05-31 00:00:00",10,5.650140379896752,4.248953615495708,2.507855871695831
"S∆†N T√ôNG M-TP | ƒê·ª™NG L√ÄM TR√ÅI TIM ANH ƒêAU | OFFICIAL TEASER","2024-05-29 00:00:00",22,6.24871559411726,4.858747677123267,3.762078087334639
"ƒê·ª™NG L√ÄM TR√ÅI TIM ANH ƒêAU ‚ù§Ô∏è‚Äçü©π -coming soon- #DLTTAD üíç #SonTungMTP","2024-05-25 00:00:00",10,5.989703823442908,4.530340596857957,2.8609366207000937
"‚Ä¶ üëÄ #DLTTAD üíç","2024-05-22 00:00:00",17,5.726537316459256,4.1503879773252805,2.401400540781544
"S∆†N T√ôNG M-TP | 7-MINUTE STAGE | CH√öNG TA C·ª¶A T∆Ø∆†NG LAI","2024-03-23 00:00:00",461,6.677072971549779,4.992703705617888,3.979457318097848
"S∆†N T√ôNG M-TP | CH√öNG TA C·ª¶A T∆Ø∆†NG LAI | BEHIND THE SCENES","2024-03-15 00:00:00",499,6.0532824755220265,4.677260108577043,3.3881012015705165
"ƒê√É B·∫¢O ƒê·ª™NG B·∫¨T N·ªÆA ...!","2024-03-08 00:00:00",47,6.210900400200936,4.8962174720976535,3.1283992687178066
"S∆†N T√ôNG M-TP | CH√öNG TA C·ª¶A T∆Ø∆†NG LAI | OFFICIAL MUSIC VIDEO","2024-03-07 00:00:00",277,7.925470786303483,5.961632256978477,5.431354113063266
"ACOUSTIC DEMO | CH√öNG TA C·ª¶A T∆Ø∆†NG LAI","2024-03-04 00:00:00",52,5.963490328164533,4.651035594521069,2.893206753059848
"S∆†N T√ôNG M-TP | CH√öNG TA C·ª¶A T∆Ø∆†NG LAI | OFFICIAL TEASER","2024-03-01 00:00:00",37,6.140315679007308,4.825049436074272,3.7763379096201755
"MB x JCB x S∆†N T√ôNG M-TP | BE THE SKY","2024-01-18 00:00:00",65,6.553745073778992,5.020125008602962,3.8421722293856155
"S∆†N T√ôNG M-TP x BOMATELA | C√ì CH·∫ÆC Y√äU L√Ä ƒê√ÇY (REMIX) | SHOW RECAP","2023-09-29 00:00:00",227,6.227679787247529,4.597377025474375,3.2605483726369795
"S∆†N T√ôNG M-TP x BOMATELA | N∆†I N√ÄY C√ì ANH (REMIX) | OFFICIAL VISUALIZER","2023-09-20 00:00:00",215,6.121819424143314,4.582835765290584,3.383815365980431
"S∆†N T√ôNG M-TP x BOMATELA | MU·ªòN R·ªíI M√Ä SAO C√íN (REMIX) | OFFICIAL VISUALIZER","2023-09-08 00:00:00",448,6.2581732927208895,4.8051745049723475,3.7193312869837265
"SON TUNG M-TP | MAKING MY WAY | OFFICIAL VISUALIZER","2023-05-04 00:00:00",258,7.708807428641708,5.922801206457873,5.061460018856499
"Don't forget to pre-save ! (link in the description) üëâüèºüëâüèºüëâüèº‚ú®‚ú®‚ú®","2023-04-29 00:00:00",55,6.092169885229962,4.679827481710019,2.785329835010767
"Use this sound to show your love for MAKING MY WAY !! ‚ô•Ô∏è‚ô•Ô∏è‚ô•Ô∏è","2023-04-27 00:00:00",24,6.3123637752151005,4.832432265740381,3.0718820073061255
"DELI x S∆†N T√ôNG M-TP | KI·∫æN T·∫†O B·∫¢N S·∫ÆC","2023-03-03 00:00:00",61,5.718282410300488,4.431251154695155,2.9708116108725178
"SKY DECADE | DREAMS IN THE SKY | ƒêI·ªÜN BI√äN  #2","2022-10-27 00:00:00",12,5.890174457361454,4.424914289123989,2.3324384599156054
"SKY DECADE | DREAMS IN THE SKY | ƒêI·ªÜN BI√äN  #1","2022-10-27 00:00:00",10,6.159581027879031,4.636387585813156,2.4871383754771865
"SKY DECADE | DREAMS IN THE SKY | TH√ÅI B√åNH #2","2022-10-25 00:00:00",10,6.639290215536123,5.110724354380905,2.8825245379548803
"SKY DECADE | DREAMS IN THE SKY | TH√ÅI B√åNH #1","2022-10-25 00:00:00",14,6.066727229300338,4.634336177110813,2.45484486000851
"SKY DECADE | DREAMS IN THE SKY | TUY√äN QUANG #3","2022-10-24 00:00:00",11,5.460945928064749,4.10809123558122,2.0086001717619175
"SKY DECADE | DREAMS IN THE SKY | TUY√äN QUANG #2","2022-10-24 00:00:00",11,5.86588476542476,4.437147838560457,2.459392487759231
"SKY DECADE | DREAMS IN THE SKY | TUY√äN QUANG #1","2022-10-24 00:00:00",11,5.5465957132570365,4.196728722623287,2.1271047983648077
"SKY DECADE | DREAMS IN THE SKY | THU·ª¥ AN #3","2022-10-23 00:00:00",11,5.497279432347579,4.142295588289763,2.1172712956557644
"SKY DECADE | DREAMS IN THE SKY | THU·ª¥ AN #2","2022-10-23 00:00:00",11,5.8228131552528035,4.418682374955734,2.416640507338281
"SKY DECADE | DREAMS IN THE SKY | THU·ª¥ AN #1","2022-10-23 00:00:00",16,5.5784718769589645,4.352799742563313,2.4424797690644486
"SKY DECADE | THE SECOND GIFT | SKY TOUR MOVIE | TRAILER","2022-10-11 00:00:00",132,6.0964848912834855,4.783367523477168,3.372175286115064
"S∆†N T√ôNG M-TP | SKY DECADE | C∆°n M∆∞a Xa D·∫ßn","2022-10-06 00:00:00",197,7.049952328618944,5.134913062397218,3.847202363980924
"S∆†N T√ôNG M-TP | SKY DECADE | L·ªùi Tri √Çn","2022-10-06 00:00:00",80,5.895445751994776,4.830755426274798,3.663323933628212
"S∆†N T√ôNG M-TP | SKY DECADE | N·∫Øng ·∫§m Ngang Qua","2022-10-06 00:00:00",196,6.7682035154141,4.9205407165024795,3.7120601424610746
"S∆†N T√ôNG M-TP | SKY DECADE | Intro 2022","2022-10-06 00:00:00",84,6.3105875397319,4.880104427860843,3.707655323531187
"SKY DECADE","2022-10-04 00:00:00",60,5.3909845361826445,4.3666843891789435,2.9138138523837167
"S∆†N T√ôNG M-TP | THERE‚ÄôS NO ONE AT ALL (ANOTHER VERSION) | OFFICIAL MUSIC VIDEO","2022-07-04 00:00:00",222,7.388520580086098,5.768174705311681,4.827026613988346
"S∆†N T√ôNG M-TP | THERE'S NO ONE AT ALL | TEASING AUDIO","2022-04-25 00:00:00",221,6.451603778590736,5.138119466209549,3.9283958522567137
"S∆†N T√ôNG M-TP | THERE'S NO ONE AT ALL | OFFICIAL TRAILER","2022-04-23 00:00:00",44,6.688203421809722,5.277054246335508,4.404919199246314
"S∆†N T√ôNG M-TP | #NOAA | FASHION CLIP","2022-04-15 00:00:00",51,5.5437080511903565,4.4017450822370625,2.6580113966571126
"S∆†N T√ôNG M-TP | #NOAA | UNBOXING VIDEO","2022-04-14 00:00:00",42,5.619175796989127,4.411586038419363,2.828015064223977
"S∆†N T√ôNG M-TP | L·∫†C TR√îI MOVINGTOON | K·ª∏ NƒÇNG DI·ªÑN XU·∫§T  | OFFICIAL EPISODE 45","2022-04-14 00:00:00",317,5.496958692274359,3.9924651478080433,2.6570558528571038
"S∆†N T√ôNG M-TP | L·∫†C TR√îI MOVINGTOON | L√ù DO BI·∫æN M·∫§T | OFFICIAL EPISODE 44","2022-04-07 00:00:00",287,5.128854651330045,3.7792356316758635,2.5622928644564746
"S∆†N T√ôNG M-TP | L·∫†C TR√îI MOVINGTOON | TH√ÇN PH·∫¨N TH·∫¨T | OFFICIAL EPISODE 43","2022-03-31 00:00:00",285,5.117923904412037,3.7512020945883533,2.496929648073215
"S∆†N T√ôNG M-TP | L·∫†C TR√îI MOVINGTOON | NG·∫¶M TH·ª™A NH·∫¨N | OFFICIAL EPISODE 42","2022-03-24 00:00:00",317,5.127587439616228,3.787247880331954,2.5854607295085006
"S∆†N T√ôNG M-TP | L·∫†C TR√îI MOVINGTOON | TRAO ƒê·ªîI TH√îNG TIN | OFFICIAL EPISODE 41","2022-03-17 00:00:00",331,5.092366188746038,3.7777891874348675,2.569373909615046
"S∆†N T√ôNG M-TP | L·∫†C TR√îI MOVINGTOON | SAO CHUY·ªÜN ƒê√ì C√ì TH·ªÇ X·∫¢Y RA ƒê∆Ø·ª¢C! | OFFICIAL EPISODE 40","2022-02-24 00:00:00",297,5.131432589928934,3.806519134080705,2.611723308007342
"S∆†N T√ôNG M-TP | L·∫†C TR√îI MOVINGTOON | TAI N·∫†N B·∫§T NG·ªú | OFFICIAL EPISODE 39","2022-02-17 00:00:00",282,5.108216501280007,3.795393334931289,2.4456042032735974
"S∆†N T√ôNG M-TP | L·∫†C TR√îI MOVINGTOON | 2 CH√ö G·∫§U | OFFICIAL EPISODE 38","2022-02-10 00:00:00",315,5.051036695141213,3.7962967400517917,2.385606273598312
"S∆†N T√ôNG M-TP | L·∫†C TR√îI MOVINGTOON | L√ä HUY | OFFICIAL EPISODE 37","2022-02-03 00:00:00",292,5.114744387545126,3.8363241157067516,2.4578818967339924
"S∆†N T√ôNG M-TP | L·∫†C TR√îI MOVINGTOON | PHOTOSHOOT | OFFICIAL EPISODE 36","2022-01-27 00:00:00",320,5.138769905556636,3.885587356189656,2.5415792439465807
"S∆†N T√ôNG M-TP | L·∫†C TR√îI MOVINGTOON | C∆†N √ÅC M·ªòNG | OFFICIAL EPISODE 35","2022-01-20 00:00:00",347,5.124050782997374,3.864689034136851,2.462397997898956
"S∆†N T√ôNG M-TP | L·∫†C TR√îI MOVINGTOON | MA √ÇM | OFFICIAL EPISODE 34","2022-01-13 00:00:00",340,5.119272389514709,3.8685856665587655,2.5415792439465807
"S∆†N T√ôNG M-TP | L·∫†C TR√îI MOVINGTOON | MAKE OVER | OFFICIAL EPISODE 33","2022-01-06 00:00:00",314,5.111003607745949,3.877371345869774,2.5514499979728753
"S∆†N T√ôNG M-TP | L·∫†C TR√îI MOVINGTOON | K√ù H·ª¢P ƒê·ªíNG | OFFICIAL EPISODE 32","2021-12-30 00:00:00",284,5.047430640155542,3.8500945943867007,2.436162647040756
"S∆†N T√ôNG M-TP | L·∫†C TR√îI MOVINGTOON | T√îI ƒê·ªíNG √ù | OFFICIAL EPISODE 31","2021-12-23 00:00:00",256,5.026570032960564,3.8333383889393975,2.6273658565927325
"S∆†N T√ôNG M-TP | L·∫†C TR√îI MOVINGTOON | T√ôNG FAKE T√ôNG REAL | OFFICIAL EPISODE 30","2021-12-16 00:00:00",297,5.118357330423666,3.907894835416283,2.5899496013257077
"S∆†N T√ôNG M-TP | L·∫†C TR√îI MOVINGTOON | L·∫æT XI TY | OFFICIAL EPISODE 29","2021-12-09 00:00:00",321,5.103865270142923,3.920071124297524,2.699837725867246
"S∆†N T√ôNG M-TP | L·∫†C TR√îI MOVINGTOON | PAPARAZZI | OFFICIAL EPISODE 28","2021-12-02 00:00:00",367,5.0873554300540516,3.914554698517634,2.571708831808688
"S∆†N T√ôNG M-TP | L·∫†C TR√îI MOVINGTOON | T√îI L√Ä QU·∫¢N L√ù C·ª¶A C·∫¨U | OFFICIAL EPISODE 27","2021-11-25 00:00:00",386,5.088855181044186,3.9168748785386835,2.645422269349092
"S∆†N T√ôNG M-TP | L·∫†C TR√îI MOVINGTOON | VI PH·∫†M H·ª¢P ƒê·ªíNG | OFFICIAL EPISODE 26","2021-11-18 00:00:00",403,5.124585728912949,3.9579901784068303,2.639486489268586
"S∆†N T√ôNG M-TP | L·∫†C TR√îI MOVINGTOON | CH·ªä ƒêI√äN HAY H·ªå ƒêI√äN  | OFFICIAL EPISODE 25","2021-11-11 00:00:00",392,5.111339819263521,3.975063996095236,2.6875289612146345
"S∆†N T√ôNG M-TP | L·∫†C TR√îI MOVINGTOON | MR.D ƒê·∫æN R·ªíI | OFFICIAL EPISODE 24","2021-11-04 00:00:00",330,5.1332929514191665,3.9690896029549214,2.7267272090265724
"S∆†N T√ôNG M-TP | L·∫†C TR√îI MOVINGTOON | L·ªöP B·ªî T√öC C·ª¶A MY LAN | OFFICIAL EPISODE 23","2021-10-28 00:00:00",372,5.144318848338848,3.9820449790714902,2.6794278966121188
"S∆†N T√ôNG M-TP | L·∫†C TR√îI MOVINGTOON | M·ªòT ƒê√äM KH√ì NG·ª¶ | OFFICIAL EPISODE 22","2021-10-21 00:00:00",400,5.1658198375211635,4.014352500651009,2.745855195173729
"S∆†N T√ôNG M-TP | L·∫†C TR√îI MOVINGTOON | 3 NG∆Ø·ªúI B·ªä T√ÇM TH·∫¶N | OFFICIAL EPISODE 21","2021-10-14 00:00:00",344,5.151516939909978,4.0043643711077515,2.754348335711019
"S∆†N T√ôNG M-TP | L·∫†C TR√îI MOVINGTOON | CH·ª¶ NH√ÇN S·ª¢ CH√ì! | OFFICIAL EPISODE 20","2021-09-23 00:00:00",336,5.262434477055468,4.09229947657425,2.8898617212581885
"S∆†N T√ôNG M-TP | L·∫†C TR√îI MOVINGTOON | CHUNG C∆Ø C·ª¶A NG∆Ø·ªúI N·ªîI TI·∫æNG | OFFICIAL EPISODE 19","2021-09-16 00:00:00",342,5.21405663830936,4.06039561731991,2.722633922533812
"S∆†N T√ôNG M-TP | L·∫†C TR√îI MOVINGTOON | ƒê·ª™NG H√íNG CHIA C·∫ÆT CH√öNG T√îI | OFFICIAL EPISODE 18","2021-09-09 00:00:00",325,5.216279411236666,4.0718083918331285,2.7737864449811935
"S∆†N T√ôNG M-TP | L·∫†C TR√îI MOVINGTOON | V·ªÄ NH√Ä | OFFICIAL EPISODE 17","2021-09-02 00:00:00",304,5.261626809713804,4.096423330595271,2.761927838420529
"S∆†N T√ôNG M-TP | L·∫†C TR√îI MOVINGTOON | G·∫∂P L·∫†I NHI LAN | OFFICIAL EPISODE 16","2021-08-26 00:00:00",370,5.276595059283031,4.123198075031999,2.8260748027008264
"S∆†N T√ôNG M-TP | L·∫†C TR√îI MOVINGTOON | ƒê·∫†I NAM | OFFICIAL EPISODE 15","2021-08-19 00:00:00",273,5.291422134849159,4.1355778533449294,2.8254261177678233
"S∆†N T√ôNG M-TP | L·∫†C TR√îI MOVINGTOON | N√ÅO LO·∫†N ·ªû NG√É 6 | OFFICIAL EPISODE 14","2021-08-12 00:00:00",256,5.304792016492227,4.138555305113583,2.8356905714924254
"S∆†N T√ôNG M-TP | L·∫†C TR√îI MOVINGTOON | C·∫¢I TRANG | OFFICIAL EPISODE 13","2021-08-05 00:00:00",261,5.264857946189703,4.092018470752797,2.815577748324267
"S∆†N T√ôNG M-TP | L·∫†C TR√îI MOVINGTOON | C·∫¶M ƒê·ªí | OFFICIAL EPISODE 12","2021-07-29 00:00:00",336,5.256763433469915,4.106088858382442,2.7481880270062002
"S∆†N T√ôNG M-TP | L·∫†C TR√îI MOVINGTOON | TR·∫¶N T√ôNG | OFFICIAL EPISODE 11","2021-07-22 00:00:00",319,5.290773396820858,4.125090713082634,2.885926339801431
"S∆†N T√ôNG M-TP | L·∫†C TR√îI MOVINGTOON | TH·∫æ GI·ªöI M·ªöI | OFFICIAL EPISODE 10","2021-07-09 00:00:00",379,5.46370490322997,4.260691365937476,3.0982975364946976
"S∆†N T√ôNG M-TP | L·∫†C TR√îI MOVINGTOON | ƒêƒÇNG C∆† | OFFICIAL EPISODE 9","2021-07-01 00:00:00",359,5.456915386941531,4.260691365937476,3.184691430817599
"S∆†N T√ôNG M-TP | L·∫†C TR√îI MOVINGTOON | T√ÇN ƒê·∫æ | OFFICIAL EPISODE 8","2021-06-24 00:00:00",354,5.476766435988731,4.278570701610516,2.9684829485539352
"S∆†N T√ôNG M-TP | L·∫†C TR√îI MOVINGTOON | 10 NƒÇM ·∫®N NH·∫™N | OFFICIAL EPISODE 7","2021-06-17 00:00:00",329,5.480041455054588,4.293892667053009,3.0025979807199086
"S∆†N T√ôNG M-TP | MU·ªòN R·ªíI M√Ä SAO C√íN | LIVE PERFORMANCE | LAZADA SUPERSHOW 6.6","2021-06-10 00:00:00",284,6.617631392757525,5.1504985489135136,3.9951962915971793
"S∆†N T√ôNG M-TP | L·∫†C TR√îI MOVINGTOON | ƒê·∫¢O CH√çNH | OFFICIAL EPISODE 6","2021-06-10 00:00:00",320,5.4820656734519835,4.3192726631218905,3.024895960107485
"S∆†N T√ôNG M-TP | L·∫†C TR√îI MOVINGTOON | PH·∫æ TH√ÅI T·ª¨ | OFFICIAL EPISODE 5","2021-06-03 00:00:00",426,5.616160312847583,4.446521634089079,3.1332194567324945
"S∆†N T√ôNG M-TP | L·∫†C TR√îI MOVINGTOON | B√ÉO T·ªê S·∫ÆP ƒê·∫æN | OFFICIAL EPISODE 4","2021-05-27 00:00:00",305,5.574550951931823,4.439427438654527,3.103461622094705
"S∆†N T√ôNG M-TP | L·∫†C TR√îI MOVINGTOON | TR·∫¶N ANH, TA ƒê·∫æN TR·ªÑ | OFFICIAL EPISODE 3","2021-05-20 00:00:00",433,5.748191904618192,4.596652066132439,3.255995726722402
"S∆†N T√ôNG M-TP | MU·ªòN R·ªíI M√Ä SAO C√íN | ONLINE STAGE","2021-05-17 00:00:00",354,6.673587333381041,5.263628968347803,4.028367883697062
"S∆†N T√ôNG M-TP | L·∫†C TR√îI MOVINGTOON | CH·ªú TH·ªúI C∆† | OFFICIAL EPISODE 2","2021-05-14 00:00:00",304,5.809554328003637,4.7030849316806576,3.406540180433955
"S∆†N T√ôNG M-TP | L·∫†C TR√îI MOVINGTOON | QU√Ä M·ª™NG TH·ªå | OFFICIAL EPISODE 1","2021-05-12 00:00:00",409,6.200459785540229,5.10605143811836,3.791690649020118
"S∆†N T√ôNG M-TP | MU·ªòN R·ªíI M√Ä SAO C√íN | MAKING MV","2021-05-10 00:00:00",341,6.506391370378413,5.266694916591765,3.9904720535256195
"S∆†N T√ôNG M-TP | MU·ªòN R·ªíI M√Ä SAO C√íN | OFFICIAL MUSIC VIDEO","2021-04-29 00:00:00",289,8.358372368710521,6.422375265730703,6.30771035107026
"S∆†N T√ôNG M-TP | MU·ªòN R·ªíI M√Ä SAO C√íN | CALL TO ACTION","2021-04-15 00:00:00",80,6.354319769991452,5.105002359529526,3.7645497190644672
"S∆†N T√ôNG M-TP | MU·ªòN R·ªíI M√Ä SAO C√íN | TEASING AUDIO","2021-04-13 00:00:00",46,6.651187752797096,5.386279533445992,4.686859614333764
"Free Fire x S∆°n T√πng M-TP | 'Skyler' Theme Song |  Official","2021-01-28 00:00:00",142,7.407002279301154,5.88726443339413,5.105857481455337
"FREE FIRE x S∆†N T√ôNG M-TP | 'SKYLER' THEME SONG |  TEASER","2021-01-26 00:00:00",15,6.286303743698589,5.019660376063939,3.983581186705791
"D·ª™NG L·∫†I HAY B·ª®T PH√Å | S∆†N T√ôNG M-TP x TIGER BEER","2021-01-19 00:00:00",45,6.044629118655391,4.910208050958166,3.588271706842329
"S∆†N T√ôNG M-TP | CH√öNG TA C·ª¶A HI·ªÜN T·∫†I | KARAOKE VERSION","2021-01-15 00:00:00",313,6.6032830864331125,5.157462812552593,3.811373897053893
"S∆†N T√ôNG M-TP | L·∫†C TR√îI COMIC | OFFICIAL TRAILER","2021-01-03 00:00:00",140,6.140564604482697,5.041017450594687,3.5962671263955155
"S∆†N T√ôNG M-TP | TIGER REMIX COUNTDOWN STAGE | 2021","2020-12-31 00:00:00",769,7.173148637642667,5.56154022880134,4.367691297964658
"S∆†N T√ôNG M-TP | CH√öNG TA C·ª¶A HI·ªÜN T·∫†I | MAKING MV","2020-12-30 00:00:00",1221,6.46312386080987,5.210561956194274,3.9253120914996495
"S∆†N T√ôNG M-TP | CH√öNG TA C·ª¶A HI·ªÜN T·∫†I | OFFICIAL MUSIC VIDEO","2020-12-20 00:00:00",891,8.058109739894494,6.35884971073236,6.052509260190627
"S∆†N T√ôNG M-TP | CH√öNG TA C·ª¶A HI·ªÜN T·∫†I | OFFICIAL TRAILER","2020-12-17 00:00:00",30,6.7305420556954205,5.565864340431928,4.523746466811565
"Son Tung M-TP | Stage Performance at TPBank Concert","2020-11-13 00:00:00",1266,6.8148054921565215,5.168022859196005,4.048635988432649
"SKY TOUR MOVIE | OFFICIAL TRAILER (NETFLIX VERSION)","2020-08-29 00:00:00",45,5.898652793143305,4.742324421752402,3.35430056234536
"SKY TOUR MOVIE | GOING GLOBAL | STAY TUNED","2020-08-24 00:00:00",18,5.7185863804887305,4.678918801456556,3.4080702858871854
"M-TP TALENT | CASTING CALL | EXCLUSIVE ACTRESS","2020-08-16 00:00:00",53,6.09819120098504,4.926244667904223,3.5591881890047756
"S∆°n T√πng M-TP x TPBank | M·ªòT TR·∫¢I NGHI·ªÜM 4.0 CH∆ØA T·ª™NG C√ì","2020-08-08 00:00:00",222,6.692828419523947,4.766264090651996,3.54703589974001
"S∆†N T√ôNG M-TP | OPPO RENO4 LIVE PERFORMANCE","2020-08-02 00:00:00",645,6.534340792025282,5.202747072932724,4.007235537545951
"S∆†N T√ôNG M-TP | C√ì CH·∫ÆC Y√äU L√Ä ƒê√ÇY | ONLINE STAGE","2020-07-20 00:00:00",1281,6.502772369743632,5.364841678374594,4.201451749121719
"S∆†N T√ôNG M-TP | C√ì CH·∫ÆC Y√äU L√Ä ƒê√ÇY | MV MAKING","2020-07-13 00:00:00",450,6.77643398891708,5.525397285151885,4.174030718038026
"S∆†N T√ôNG M-TP | C√ì CH·∫ÆC Y√äU L√Ä ƒê√ÇY | OFFICIAL MUSIC VIDEO","2020-07-05 00:00:00",216,8.2691549590776,6.525954834219075,5.997774192585161
"S∆†N T√ôNG M-TP | C√ì CH·∫ÆC Y√äU L√Ä ƒê√ÇY | OFFICIAL TRAILER","2020-06-29 00:00:00",42,7.059288062896504,5.8408209620097225,4.862185066246429
"SKY TOUR MOVIE | S∆†N T√ôNG M-TP | PREVIEW CLIP","2020-06-05 00:00:00",61,6.2206798813612165,5.053666072795158,3.6591552809406296
"SKY TOUR MOVIE | S∆†N T√ôNG M-TP | OFFICIAL TRAILER","2020-05-31 00:00:00",78,6.452150139095382,5.340608679283063,4.236864622317388
"LIVESTREAM | H·ªåP B√ÅO C√îNG TY M-TP ENTERTAINMENT | 18.12.2019","2019-12-18 00:00:00",5993,5.947707642950815,4.617576919481,3.238297067875394
"S∆†N T√ôNG M-TP | H√ÉY TRAO CHO ANH | MV MAKING","2019-07-12 00:00:00",241,7.110116542975105,5.615817534819342,4.114877749892836
"S∆†N T√ôNG M-TP | H√ÉY TRAO CHO ANH ft. Snoop Dogg | Official MV","2019-07-01 00:00:00",263,8.478336333567611,6.621933558540875,6.100188861729568
"SKY TOUR 2019 | TRAILER","2019-06-17 00:00:00",89,6.251826981951741,4.9721657967583415,3.6800634274819486
"S∆†N T√ôNG M-TP | LEVI'S 501 DAY STAGE | H√Ä N·ªòI 2019","2019-05-31 00:00:00",726,6.768353534054584,5.145743204400961,3.868526886768204
"T√îI ƒê√É "L√å" NH∆Ø TH·∫æ ƒê√ì! - S∆†N T√ôNG M-TP x PEPSI","2019-05-18 00:00:00",137,7.468200783003697,5.259923416307819,4.002986340856785
"N·∫ÆNG ·∫§M XA D·∫¶N (ONIONN REMIX) | S∆†N T√ôNG M-TP | Official Music","2019-04-04 00:00:00",203,7.3544254160653635,5.582099742077578,4.310162065204453
"CH·∫†Y NGAY ƒêI | S∆†N T√ôNG M-TP | TIGER REMIX STAGE VERSION | H·ªí CH√ç MINH 31.12.2018","2019-01-02 00:00:00",410,6.688001345026527,5.055301864347441,3.846089580357984
"CH·∫†Y NGAY ƒêI | S∆†N T√ôNG M-TP | FWD STAGE VERSION | H·ªí CH√ç MINH 27.10.2018","2018-11-01 00:00:00",278,6.27792742753009,4.861725530057635,3.7389390312034796
"CHUY·∫æN ƒêI C·ª¶A THANH XU√ÇN | S∆†N T√ôNG M-TP x BITI‚ÄôS HUNTER x NGUY·ªÑN QUANG D≈®NG | Official Short Film","2018-07-27 00:00:00",849,7.257575267680116,5.483359036280687,4.498062314581983
"ƒêi·ªÅu √ù Nghƒ©a Nh·∫•t Cho H√¥m Nay L√† G√¨? | Nh·∫≠t K√Ω 05/07/2018 - S∆°n T√πng M-TP","2018-07-08 00:00:00",1880,6.886419935043027,5.40065367072449,4.246990699241549
"CH·∫†Y NGAY ƒêI (ONIONN REMIX)| RUN NOW (ONIONN REMIX) | S∆†N T√ôNG M-TP | Official Music Video","2018-07-04 00:00:00",317,7.624853853285276,5.745579872818896,4.692600191082198
"CH·∫†Y NGAY ƒêI | S∆†N T√ôNG M-TP | LEVI'S STAGE VERSION | H·ªí CH√ç MINH 20.05.2018","2018-05-29 00:00:00",292,6.799907588301199,5.150827026159696,4.142483323659504
"Tr·ª±c Ti·∫øp: Countdown Ra M·∫Øt Music Video Ch·∫°y Ngay ƒêi - S∆°n T√πng M-TP","2018-05-11 00:00:00",1930,6.280381891895993,4.7035149177377455,3.010299956639812
"CH·∫†Y NGAY ƒêI | RUN NOW | S∆†N T√ôNG M-TP | Official Music Video","2018-05-11 00:00:00",274,8.212474964302306,6.259597462158971,5.997797327847082
"CH·∫†Y NGAY ƒêI | S∆†N T√ôNG M-TP - Official Trailer","2018-05-07 00:00:00",45,6.65627715582206,5.089315058927046,4.046729222266487
"CH·∫†Y NGAY ƒêI | S∆†N T√ôNG M-TP - Teaser Trailer","2018-05-02 00:00:00",24,6.710604382200436,5.137806529509446,4.139249217571607
"SonTungMTPVEVO Live Stream","2017-11-26 00:00:00",NULL,NULL,0.47712125471966244,NULL
"CH·∫†M T·ªöI GI·∫§C M∆† PH·∫¶N 4 | S∆†N T√ôNG M-TP | COMING SOON","2017-09-29 00:00:00",263,5.675017201620566,4.179867631270406,2.846955325019824
"CH·∫†M T·ªöI GI·∫§C M∆† PH·∫¶N 3 | S∆†N T√ôNG M-TP | COMING SOON","2017-09-28 00:00:00",235,5.883554125613423,4.261881149383667,2.921686475483602
"CH·∫†M T·ªöI GI·∫§C M∆† PH·∫¶N 2 | S∆†N T√ôNG M-TP | COMING SOON","2017-09-26 00:00:00",228,5.7997918432829705,4.348674732191571,2.907411360774586
"CH·∫†M T·ªöI GI·∫§C M∆† PH·∫¶N 1 | S∆†N T√ôNG M-TP | COMING SOON","2017-09-24 00:00:00",206,6.116471922719138,4.69597173237734,3.4886916983169405
"L·∫†C TR√îI (TRIPLE D REMIX) | 360 DEGREE MV |  S∆†N T√ôNG M-TP","2017-09-08 00:00:00",260,7.108217178293723,5.252207174821536,3.995898323646437
"M-TP OFFICIAL ALBUM & FANSIGN IN HANOI | S∆†N T√ôNG M-TP","2017-04-09 00:00:00",198,5.682211885770457,4.283549972002684,3.1513698502474603
"M-TP OFFICIAL ALBUM & FANSIGN IN HCM | S∆†N T√ôNG M-TP","2017-04-02 00:00:00",231,5.762852546696563,4.315298452873624,3.2645817292380777
"UNBOXING ALBUM m-tp M-TP | S∆†N T√ôNG M-TP","2017-03-28 00:00:00",208,5.67301721883738,4.2516138895435915,3.1048284036536553
"ALBUM M-TP | S∆†N T√ôNG M-TP | TRAILER","2017-03-18 00:00:00",71,6.412553444591796,4.877998718746933,3.7535830588929064
"N∆†I N√ÄY C√ì ANH | OFFICIAL MUSIC VIDEO | S∆†N T√ôNG M-TP","2017-02-13 00:00:00",279,8.621660897962201,6.355682303459579,5.502265936779207
"S∆†N T√ôNG M-TP PRIVATE YEAR END MEETING 2017","2017-02-12 00:00:00",4655,6.434409527039006,4.766829094337161,3.601734148260105
"N∆†I N√ÄY C√ì ANH | TEASER MUSIC VIDEO | S∆†N T√ôNG M-TP","2017-02-06 00:00:00",33,6.549937217022009,4.763233266180616,3.5471591213274176
"Gi·ªØ T·∫øt Truy·ªÅn Th·ªëng, S·ªëng T·∫øt Hi·ªán ƒê·∫°i","2017-01-27 00:00:00",21,5.436887456832268,4.173419384081802,2.8808135922807914
"UNBOXING 2017 NEW YEAR GIFT | S∆†N T√ôNG M-TP","2017-01-13 00:00:00",151,5.488857998017714,4.152869054217012,3.280805928393667
"L·∫°c Tr√¥i | Making MV | S∆°n T√πng M-TP","2017-01-07 00:00:00",590,6.717064480844336,5.1080268959086945,3.9903832589062334
"L·∫†C TR√îI | PIANO VERSION | S∆†N T√ôNG M-TP","2017-01-04 00:00:00",169,6.40333126593351,4.696365126964978,3.4614985267830187
"L·∫†C TR√îI | OFFICIAL MUSIC VIDEO | S∆†N T√ôNG M-TP","2016-12-31 00:00:00",273,8.44894370127579,6.273656041743907,5.475035985935979
"Tr·ª±c Ti·∫øp: H·ªçp B√°o Ra M·∫Øt D·ª± √Ån √Çm Nh·∫°c L·∫°c Tr√¥i V√† Mini Concert S∆°n T√πng M-TP","2016-12-31 00:00:00",3906,6.176669643523924,4.277196495795956,3.151676230847048
"L·∫†C TR√îI | TEASER MUSIC VIDEO | S∆†N T√ôNG M-TP","2016-12-16 00:00:00",39,6.3832254376541115,4.5082603055123345,3.524915147539867
"S∆†N T√ôNG M-TP | LIVESHOW M-TP AMBITION | PART 4","2016-11-22 00:00:00",1435,5.928496220043021,4.21045229296202,3.1055101847699738
"S∆†N T√ôNG M-TP | LIVESHOW M-TP AMBITION | PART 3","2016-11-20 00:00:00",1459,5.843134318547452,4.2125604579711435,3.0824263008607717
"S∆†N T√ôNG M-TP | LIVESHOW M-TP AMBITION | PART 2","2016-11-18 00:00:00",1864,5.926133997005281,4.212107665547659,3.119915410257991
"S∆†N T√ôNG M-TP | LIVESHOW M-TP AMBITION | PART 1","2016-11-16 00:00:00",1463,6.137124558368055,4.425240679100199,3.400537989391946
"S∆†N T√ôNG M-TP | LIVESHOW M-TP AMBITION | TRAILER","2016-11-12 00:00:00",214,5.500708396904898,4.020734085411515,2.9995654882259823
"Ch√∫ng Ta Kh√¥ng Thu·ªôc V·ªÅ Nhau | Official Music Video | S∆°n T√πng M-TP","2016-08-02 00:00:00",243,8.376107139451678,6.105854077933577,5.3243750674682415
"CH√öNG TA KH√îNG THU·ªòC V·ªÄ NHAU | DEBUT ONSTAGE | LIVE STREAMING","2016-08-02 00:00:00",3284,6.291926902098989,4.379142286647321,3.1559430179718366
"Ch√∫ng Ta Kh√¥ng Thu·ªôc V·ªÅ Nhau | TEASER MUSIC VIDEO | S∆°n T√πng M-TP","2016-07-26 00:00:00",36,6.370151366176999,4.373757685249247,3.423737249982329
"N·∫Øng ·∫§m Xa D·∫ßn - S∆°n T√πng M-TP","2016-07-25 00:00:00",192,7.614197195608049,5.176212844489448,3.8376515578463923
"Th√°i B√¨nh M·ªì H√¥i R∆°i - S∆°n T√πng M-TP","2016-07-25 00:00:00",319,7.1230628929188935,5.0822466547436695,3.8871107031248835
"Ch·∫Øc Ai ƒê√≥ S·∫Ω V·ªÅ | S∆°n T√πng M-TP | Stage Version | ƒê√† L·∫°t","2016-02-23 00:00:00",286,5.256402611863921,3.499549625905149,2.089905111439398
"N·∫Øng ·∫§m Xa D·∫ßn | S∆°n T√πng M-TP | Stage Version | ƒê√† L·∫°t","2016-02-22 00:00:00",206,5.258699525543217,3.554489160003819,2.1702617153949575
"Bu√¥ng ƒê√¥i Tay Nhau Ra | S∆°n T√πng M-TP | Stage Version | ƒê√† L·∫°t","2016-02-22 00:00:00",280,5.313183617530079,3.4670158184384356,1.9731278535996986
"Fancam | S∆°n T√πng M-TP T·∫°i S√¢n Bay ƒê√† L·∫°t 2016","2016-02-22 00:00:00",85,5.269370490946635,3.566555330883055,2.1583624920952498
"Khu√¥n M·∫∑t ƒê√°ng Th∆∞∆°ng | Stage Version | S∆°n T√πng M-TP","2016-02-02 00:00:00",245,5.516432241500332,3.6902847025126295,2.2121876044039577
"Bu√¥ng ƒê√¥i Tay Nhau Ra | Stage Version | S∆°n T√πng M-TP","2016-02-02 00:00:00",314,5.403799755016093,3.5221833176186865,2.155336037465062
"Em C·ªßa Ng√†y H√¥m Qua | Stage Version | S∆°n T√πng M-TP","2016-02-02 00:00:00",391,5.225906026470422,3.513084360465144,2.3324384599156054
"VIRAL CLIP - M·ªòT NƒÇM M·ªöI B√åNH AN | S∆†N T√ôNG M-TP","2016-01-23 00:00:00",253,8.022241844342235,5.709508248618531,4.5847720808661485
"S∆†N T√ôNG M-TP | M·ªòT NƒÇM M·ªöI B√åNH AN [Teaser]","2016-01-16 00:00:00",31,5.360831888204275,3.732634967539196,2.423245873936808
"Bu√¥ng ƒê√¥i Tay Nhau Ra | Stage Version | S∆°n T√πng M-TP","2016-01-07 00:00:00",209,5.985081865973067,3.937668314399005,2.6483600109809315
"Em C·ªßa Ng√†y H√¥m Qua | Stage Version | S∆°n T√πng M-TP","2016-01-07 00:00:00",222,5.495194541093704,3.6021685513789974,2.184691430817599
"S∆°n T√πng M-TP | Bu·ªïi Fan Meeting T·∫°i H√† N·ªôi","2016-01-07 00:00:00",372,5.286389097228518,3.473632926873841,2.037426497940624
"S∆°n T√πng M-TP | Kh√¥ng C√≤n M√πa Thu","2016-01-05 00:00:00",101,5.540360762891597,3.73471984165568,2.305351369446624
"Sky H√°t T·∫∑ng S∆°n T√πng M-TP Fan Meeting In Hanoi","2016-01-05 00:00:00",110,5.010855193132862,3.467756051244033,2.155336037465062
"S∆°n T√πng M-TP V·ªÅ ThƒÉm Th√°i B√¨nh","2016-01-03 00:00:00",239,5.924738154869093,3.8207267628238344,2.519827993775719
"S∆°n T√πng M-TP | Bu·ªïi H·ªçp M·∫∑t Offline T·∫°i Jollibee","2016-01-03 00:00:00",216,5.440553318443159,3.6591552809406296,2.1702617153949575
"Sky H√°t T·∫∑ng S∆°n T√πng M-TP T·∫°i Bu·ªïi Fan Meeting Th√°i B√¨nh","2015-12-31 00:00:00",23,5.0510328336989385,3.412124406173317,1.8195439355418688
"S∆°n T√πng M-TP | Making The Show","2015-12-29 00:00:00",164,5.043480170022551,3.5727554651542195,2.093421685162235
"S∆°n T√πng M-TP | Merry Christmas","2015-12-25 00:00:00",186,5.393605032573208,3.8171024042569233,2.4653828514484184
"ƒê√™m Trao Gi·∫£i L√†n S√≥ng Xanh l·∫ßn th·ª© 18 - 2015 | S∆°n T√πng M-TP","2015-12-21 00:00:00",122,5.489982371991525,3.735918116531297,2.361727836017593
"Bu·ªïi T·∫≠p Luy·ªán L√†n S√≥ng Xanh 2015 | S∆°n T√πng M-TP","2015-12-19 00:00:00",105,5.247504367865152,3.6611498572447867,2.1492191126553797
"M-TP |  Tuy·ªÉn t·∫≠p c√°c ca kh√∫c S∆°n T√πng | His Music Journey","2015-12-16 00:00:00",8998,7.21662957095274,5.068916494786841,3.6851144690465394
"Bu√¥ng ƒê√¥i Tay Nhau Ra | OFFICIAL MUSIC VIDEO | S∆°n T√πng M-TP","2015-12-02 00:00:00",290,8.206372200647385,5.874461523090622,4.874794814390084
"S∆†N T√ôNG M-TP CHU·∫®N B·ªä CHO RA B√ÄI HIT M·ªöI","2015-11-19 00:00:00",38,5.5393810020231085,3.6816029987308685,2.173186268412274
"2015.10.08 S∆†N T√ôNG | H·ªåP B√ÅO Liveshow MTV Vietnam EMA Connection","2015-10-09 00:00:00",79,5.013545011452959,3.4807253789884878,2.2013971243204513
"√Çm Th·∫ßm B√™n Em | OFFICIAL MUSIC VIDEO | S∆°n T√πng M-TP","2015-08-21 00:00:00",850,8.225168464763975,5.969907709942792,4.993484727681078
"TVC OISHI C+ | S∆°n T√πng M-TP | 30'' version","2015-08-21 00:00:00",30,5.974396080409705,3.9675947726718896,2.4983105537896004
"√Çm Th·∫ßm B√™n Em | Behind The Scenes","2015-08-17 00:00:00",157,5.938848323729024,3.9193919267738595,2.696356388733332
"S∆°n T√πng M-TP | √Çm Th·∫ßm B√™n Em (Official MV Teaser)","2015-08-06 00:00:00",60,6.026792211488016,4.029586671630457,2.8048206787211623
"√Çm Th·∫ßm B√™n Em | S∆°n T√πng M-TP | LIVE STREAMING | B·∫¢N CH√çNH TH·ª®C","2015-08-06 00:00:00",1180,6.7641728434007335,4.592432149630162,3.2258259914618934
"S∆°n T√πng M-TP | Ti·∫øn L√™n Vi·ªát Nam ∆†i! | B·∫£n Ch√≠nh Th·ª©c","2015-06-16 00:00:00",218,6.718192507315308,4.8210088510450735,3.5901728315963144
"S∆°n T√πng M-TP | Ti·∫øn L√™n Vi·ªát Nam ∆†i!  (TEASING VERSION)","2015-06-12 00:00:00",34,5.585622008937453,3.8756399370041685,2.586587304671755
"S∆°n T√πng M-TP: Save the date 05/07/2015","2015-05-21 00:00:00",137,5.754476770015613,3.9739125704197047,2.741151598851785
"M√ìN QU√Ä ƒê·∫∂C BI·ªÜT C·ª¶A M-TP (Ph·∫ßn 2)","2015-04-25 00:00:00",993,6.283804221282199,4.275725867573664,3.238297067875394
"M√ìN QU√Ä ƒê·∫∂C BI·ªÜT C·ª¶A M-TP (Ph·∫ßn 1)","2015-04-23 00:00:00",719,6.347620163718422,4.331062700600152,2.9827233876685453
"S∆°n T√πng M-TP - Ch·∫Øc Ai ƒê√≥ S·∫Ω V·ªÅ","2015-01-30 00:00:00",315,7.747039779080934,5.574537070906518,4.493220971651685
